{
  "actuals_2025": {
    "1": 19101685,
    "2": 29367505,
    "3": 48069873,
    "4": 30504540,
    "5": 35545623,
    "6": 36678344,
    "7": 44323900,
    "8": 49943836,
    "9": 79512767,
    "10": 84793236,
    "11": 60317630,
    "12": 136664314
  },
  "total_2025": 654823253,
  "seasonal_index_2025": {
    "1": 0.02917074937777141,
    "2": 0.0448479874003497,
    "3": 0.07340892795082217,
    "4": 0.04658438725296763,
    "5": 0.05428277453061063,
    "6": 0.0560125863459525,
    "7": 0.06768834154397385,
    "8": 0.07627071239634185,
    "9": 0.12142630341198345,
    "10": 0.12949026414613288,
    "11": 0.09211284071489746,
    "12": 0.20870412492819646
  },
  "jan_2026_actual": 16617880,
  "feb_2026_actual": 21970774,
  "implied_annual_2026": 521336295.10151625,
  "forecast_2026": {
    "1": 16617880,
    "2": 21970774,
    "3": 38270738.52525577,
    "4": 24286131.860036444,
    "5": 28299580.561619494,
    "6": 29201394.24465265,
    "7": 35288389.20210137,
    "8": 39762690.62546215,
    "9": 63303939.14867605,
    "10": 67507974.56166162,
    "11": 48021767.10958074,
    "12": 108805035.26246995
  },
  "total_2026_forecast": 521336295.10151625,
  "sheet_2026": {
    "1": 16617880,
    "2": 21970774,
    "3": 47292713,
    "4": 50736685,
    "5": 21438943,
    "6": 45517506,
    "7": 17520772,
    "8": 22925373,
    "9": 19290780,
    "10": 34263581,
    "11": 87083715,
    "12": 62677728
  },
  "total_sheet_2026": 447336450,
  "quarterly_2025": {
    "Q1": 96539063,
    "Q2": 102728507,
    "Q3": 173780503,
    "Q4": 281775180
  },
  "quarterly_2026_forecast": {
    "Q1": 76859392.52525577,
    "Q2": 81787106.66630858,
    "Q3": 138355018.97623956,
    "Q4": 224334776.9337123
  }
}